SourceTextTitle,SourceTextCode,EventID,PageNumber,OrderWithinPage,begin_word,end_word
"Absalom, Absalom!",AA,15493,3,3.01,From a little after two oclock until almost sundown,Out of quiet thunderclap he would abrupt (man-horse-demon)
"Absalom, Absalom!",AA,15494,4,4.01,Out of quiet thunderclap he would abrupt (man-horse-demon),Then in the long unamaze Quentin seemed to watch
"Absalom, Absalom!",AA,15495,4,4.02,Then in the long unamaze Quentin seemed to watch,Then hearing would reconcile and he would
"Absalom, Absalom!",AA,15496,4,4.03,Then hearing would reconcile and he would,"""Because you are going away to attend the college"
"Absalom, Absalom!",AA,15497,5,5.01,"""Because you are going away to attend the college","""Yessum,"" Quentin said.  Only she dont mean that he thought."
"Absalom, Absalom!",AA,15499,5,5.02,"""Yessum,"" Quentin said.  Only she dont mean that he thought.",he had received by the hand of a small negro
"Absalom, Absalom!",AA,15500,5,5.03,he had received by the hand of a small negro,"He obeyed it immediately after the noon meal,"
"Absalom, Absalom!",AA,15501,6,6.01,"He obeyed it immediately after the noon meal,",It's because she wants it told he thought
"Absalom, Absalom!",AA,15502,6,6.02,It's because she wants it told he thought,- a woman who even in his (Quentin's) father's youth
"Absalom, Absalom!",AA,15503,6,6.03,- a woman who even in his (Quentin's) father's youth,It would be three hours yet before he would learn
"Absalom, Absalom!",AA,15504,7,7.01,It would be three hours yet before he would learn,"(""But why tell me about it?"" he said to"
"Absalom, Absalom!",AA,15505,7,7.02,"(""But why tell me about it?"" he said to","Whatever her reason for choosing him, whether it was"
"Absalom, Absalom!",AA,15506,8,8.01,"Whatever her reason for choosing him, whether it was","""He wasn't a gentleman.  He wasn't even a gentleman."
"Absalom, Absalom!",AA,15507,9,9.01,"""He wasn't a gentleman.  He wasn't even a gentleman.",and it was mine and Ellen's father who gave him that.
"Absalom, Absalom!",AA,15508,9,9.02,and it was mine and Ellen's father who gave him that.,then later blind woman mother fool when she lay
"Absalom, Absalom!",AA,15509,10,10.01,then later blind woman mother fool when she lay,"and only I, a child, a child, mind you, four years"
"Absalom, Absalom!",AA,15510,10,10.02,"and only I, a child, a child, mind you, four years","Yes, blind romantic fool, who did not even have"
"Absalom, Absalom!",AA,15511,10,10.03,"Yes, blind romantic fool, who did not even have",a man who rode into town out of nowhere
"Absalom, Absalom!",AA,15512,10,10.04,a man who rode into town out of nowhere,"""No, not even a gentleman.  Marrying Ellen or"
"Absalom, Absalom!",AA,15513,11,11.01,"""No, not even a gentleman.  Marrying Ellen or",Because he was too young.  He was just twenty-five
"Absalom, Absalom!",AA,15514,11,11.02,Because he was too young.  He was just twenty-five,"""No.  I hold no more brief for Ellen than"
"Absalom, Absalom!",AA,15515,12,12.01,"""No.  I hold no more brief for Ellen than",since apparently and for what reason Heaven has not
"Absalom, Absalom!",AA,15521,12,12.02,since apparently and for what reason Heaven has not,"I saw what had happened to Ellen, my sister."
"Absalom, Absalom!",AA,15524,12,12.03,"I saw what had happened to Ellen, my sister.","""No.  I hold no brief for myself.  I don't plead"
"Absalom, Absalom!",AA,15527,12,12.04,"""No.  I hold no brief for myself.  I don't plead",Is it any wonder that Heaven saw fit
"Absalom, Absalom!",AA,15529,13,13.01,Is it any wonder that Heaven saw fit,"""But that it should have been our father, mine"
"Absalom, Absalom!",AA,15537,13,13.02,"""But that it should have been our father, mine","So that even I, a child still too young"
"Absalom, Absalom!",AA,15541,14,14.01,"So that even I, a child still too young","""Yessum,"" Quentin said.  ""Yes,"" the grim quiet voice"
"Absalom, Absalom!",AA,15542,14,14.02,"""Yessum,"" Quentin said.  ""Yes,"" the grim quiet voice","""Because I was born too late.  I was born"
"Absalom, Absalom!",AA,15543,15,15.01,"""Because I was born too late.  I was born",It should have been later than it was;
"Absalom, Absalom!",AA,15545,15,15.02,It should have been later than it was;,"""Yes.  I was born too late.  I was a child"
"Absalom, Absalom!",AA,15546,15,15.03,"""Yes.  I was born too late.  I was a child","it was the minister himself, speaking in the name"
"Absalom, Absalom!",AA,15549,16,16.01,"it was the minister himself, speaking in the name",And this time it was not even the minister.
"Absalom, Absalom!",AA,15551,17,17.01,And this time it was not even the minister.,Because this Sunday when Ellen and the children
"Absalom, Absalom!",AA,15552,17,17.02,Because this Sunday when Ellen and the children,As soon as papa and I entered those gates
"Absalom, Absalom!",AA,15553,18,18.01,As soon as papa and I entered those gates,"""Yes.  From themselves.  Not from him, not from anybody,"
"Absalom, Absalom!",AA,15554,19,19.01,"""Yes.  From themselves.  Not from him, not from anybody,","""So it was six years now, though it was"
"Absalom, Absalom!",AA,15555,20,20.01,"""So it was six years now, though it was",She accepted that - not reconciled: accepted - as though
"Absalom, Absalom!",AA,15556,20,20.02,She accepted that - not reconciled: accepted - as though,It was a summer of wistaria.  The twilight was
"Absalom, Absalom!",AA,15557,23,23.01,It was a summer of wistaria.  The twilight was,"- the odor, the scent, which five months later"
"Absalom, Absalom!",AA,15558,23,23.02,"- the odor, the scent, which five months later","the listening, the hearing in 1909 even yet"
"Absalom, Absalom!",AA,15559,23,23.03,"the listening, the hearing in 1909 even yet",- a Sunday morning in June with the bells
"Absalom, Absalom!",AA,15560,23,23.04,- a Sunday morning in June with the bells,That was all that the town was to know
"Absalom, Absalom!",AA,15561,24,24.01,That was all that the town was to know,He had apparently come into town from the south
"Absalom, Absalom!",AA,15562,24,24.02,He had apparently come into town from the south,though it was years before the town learned
"Absalom, Absalom!",AA,15563,24,24.03,though it was years before the town learned,- the strong spent horse and the clothes
"Absalom, Absalom!",AA,15564,24,24.04,- the strong spent horse and the clothes,of which Miss Coldfield told Quentin
"Absalom, Absalom!",AA,15565,24,24.05,of which Miss Coldfield told Quentin,with the butts worn smooth as pickhandles and
"Absalom, Absalom!",AA,15566,24,24.06,with the butts worn smooth as pickhandles and,He had a room in the Holston House
"Absalom, Absalom!",AA,15567,25,25.01,He had a room in the Holston House,it was years later before even Quentin's grandfather
"Absalom, Absalom!",AA,15568,25,25.02,it was years later before even Quentin's grandfather,it was General Compson who first realized that
"Absalom, Absalom!",AA,15569,25,25.03,it was General Compson who first realized that,"So they would catch him, run him to earth,"
"Absalom, Absalom!",AA,15570,25,25.04,"So they would catch him, run him to earth,",It was the Chickasaw Indian agent with or
"Absalom, Absalom!",AA,15571,25,25.05,It was the Chickasaw Indian agent with or,But he owned land among them now and
"Absalom, Absalom!",AA,15572,26,26.01,But he owned land among them now and,what Sutpen's future and then unborn sister-in-law
"Absalom, Absalom!",AA,15574,26,26.02,what Sutpen's future and then unborn sister-in-law,that he had found some unique and practical way
"Absalom, Absalom!",AA,15575,26,26.03,that he had found some unique and practical way,Years later the town learned that he had come
"Absalom, Absalom!",AA,15576,26,26.04,Years later the town learned that he had come,and he did not have much chance to look at Jefferson
"Absalom, Absalom!",AA,15577,26,26.05,and he did not have much chance to look at Jefferson,later Sutpen told Quentin's grandfather that on that
"Absalom, Absalom!",AA,15578,27,27.01,later Sutpen told Quentin's grandfather that on that,So the legend of the wild men came gradually
"Absalom, Absalom!",AA,15579,27,27.02,So the legend of the wild men came gradually,"So he and the twenty negroes worked together,"
"Absalom, Absalom!",AA,15580,28,28.01,"So he and the twenty negroes worked together,",But he was a good architect; Quentin knew
"Absalom, Absalom!",AA,15582,28,28.02,But he was a good architect; Quentin knew,"And not only an architect, as General Compson said,"
"Absalom, Absalom!",AA,15583,29,29.01,"And not only an architect, as General Compson said,",(even General Compson did not know yet)
"Absalom, Absalom!",AA,15584,29,29.02,(even General Compson did not know yet),and so created out of Sutpen's very defeat
"Absalom, Absalom!",AA,15585,29,29.03,and so created out of Sutpen's very defeat,"So when, at the expiration of this second phase,"
"Absalom, Absalom!",AA,15586,31,31.01,"So when, at the expiration of this second phase,",Because from that day there were no more
"Absalom, Absalom!",AA,15587,32,32.01,Because from that day there were no more,"""Then one day he quitted Jefferson for the second"
"Absalom, Absalom!",AA,15588,33,33.01,"""Then one day he quitted Jefferson for the second","""The town should have been accustomed to that"
"Absalom, Absalom!",AA,15589,33,33.02,"""The town should have been accustomed to that","""So at last civic virtue came to a boil."
"Absalom, Absalom!",AA,15590,34,34.01,"""So at last civic virtue came to a boil.","All I ever heard is how the town, the men"
"Absalom, Absalom!",AA,15591,34,34.02,"All I ever heard is how the town, the men","""So they sat on their horses and waited for him."
"Absalom, Absalom!",AA,15592,35,35.01,"""So they sat on their horses and waited for him.","""They waited for him again.  The crowd was"
"Absalom, Absalom!",AA,15593,36,36.01,"""They waited for him again.  The crowd was","They took him back to town, with the ladies"
"Absalom, Absalom!",AA,15594,36,36.02,"They took him back to town, with the ladies",and late that afternoon he returned home
"Absalom, Absalom!",AA,15595,36,36.03,and late that afternoon he returned home,"Two months later, he and Miss Ellen were married."
"Absalom, Absalom!",AA,15596,37,37.01,"Two months later, he and Miss Ellen were married.","""It was the wedding which caused the tears: not"
"Absalom, Absalom!",AA,15597,37,37.02,"""It was the wedding which caused the tears: not","""When they were married, there were just ten people"
"Absalom, Absalom!",AA,15598,39,39.01,"""When they were married, there were just ten people",That was the other half of the reason for Ellen's tears.
"Absalom, Absalom!",AA,15599,39,39.02,That was the other half of the reason for Ellen's tears.,like he must have been from the day when
"Absalom, Absalom!",AA,15600,40,40.01,like he must have been from the day when,Just the same age that Henry was that night
"Absalom, Absalom!",AA,15601,40,40.02,Just the same age that Henry was that night,"set out into a world which even in theory,"
"Absalom, Absalom!",AA,15602,40,40.03,"set out into a world which even in theory,",that unsleeping care which must have known that
"Absalom, Absalom!",AA,15603,41,41.01,that unsleeping care which must have known that,when they reached the church for the rehearsal
"Absalom, Absalom!",AA,15604,41,41.02,when they reached the church for the rehearsal,though by the next day it had become just quiet
"Absalom, Absalom!",AA,15605,42,42.01,though by the next day it had become just quiet,She spent all the next day going from house
"Absalom, Absalom!",AA,15606,42,42.02,She spent all the next day going from house,"even twenty years after that day, when he would"
"Absalom, Absalom!",AA,15607,42,42.03,"even twenty years after that day, when he would","""She covered the town that morning.  It did"
"Absalom, Absalom!",AA,15608,42,42.04,"""She covered the town that morning.  It did",by nightfall the circumstances of the situation had spread
"Absalom, Absalom!",AA,15609,42,42.05,by nightfall the circumstances of the situation had spread,which they were holding at the door when the carriage
"Absalom, Absalom!",AA,15610,43,43.01,which they were holding at the door when the carriage,"faces which even Ellen was not to remember,"
"Absalom, Absalom!",AA,15611,44,44.01,"faces which even Ellen was not to remember,","If he threw her over, I wouldn't think she would"
"Absalom, Absalom!",AA,15612,46,46.01,"If he threw her over, I wouldn't think she would","After Mr Coldfield died in '64, Miss Rosa moved out"
"Absalom, Absalom!",AA,15613,46,46.02,"After Mr Coldfield died in '64, Miss Rosa moved out","She (Miss Rosa) was born in 1845, with her sister"
"Absalom, Absalom!",AA,15614,46,46.03,"She (Miss Rosa) was born in 1845, with her sister",- that man who was later to nail himself in
"Absalom, Absalom!",AA,15615,47,47.01,- that man who was later to nail himself in,- and the aunt who even ten years later was still
"Absalom, Absalom!",AA,15616,47,47.02,- and the aunt who even ten years later was still,"Perhaps she saw in her father's death, in the"
"Absalom, Absalom!",AA,15617,47,47.03,"Perhaps she saw in her father's death, in the","(Yes, Clytie was his daughter too: Clytemnestra.  He named"
"Absalom, Absalom!",AA,15618,48,48.01,"(Yes, Clytie was his daughter too: Clytemnestra.  He named","When he returned home in '66, she had not"
"Absalom, Absalom!",AA,15619,48,48.02,"When he returned home in '66, she had not",And on the four or five occasions during the year
"Absalom, Absalom!",AA,15620,49,49.01,And on the four or five occasions during the year,"That was the face which, when she saw it at all,"
"Absalom, Absalom!",AA,15621,50,50.01,"That was the face which, when she saw it at all,",until the night the aunt climbed out the window
"Absalom, Absalom!",AA,15622,50,50.02,until the night the aunt climbed out the window,there was not only no one to make her try
"Absalom, Absalom!",AA,15623,50,50.03,there was not only no one to make her try,"(and who would have been, if her life had not"
"Absalom, Absalom!",AA,15624,51,51.01,"(and who would have been, if her life had not","and against Judith already taller than Ellen, and Henry"
"Absalom, Absalom!",AA,15625,51,51.02,"and against Judith already taller than Ellen, and Henry",Then one year they did not go.  Doubtless Mr Coldfield
"Absalom, Absalom!",AA,15626,52,52.01,Then one year they did not go.  Doubtless Mr Coldfield,Now the period began which ended in the catastrophe
"Absalom, Absalom!",AA,15627,53,53.01,Now the period began which ended in the catastrophe,"Although she was not to see Sutpen again for years,"
"Absalom, Absalom!",AA,15628,53,53.02,"Although she was not to see Sutpen again for years,",Often twice and sometimes three times a week
"Absalom, Absalom!",AA,15629,54,54.01,Often twice and sometimes three times a week,"and one time, in the summer when Judith was seventeen,"
"Absalom, Absalom!",AA,15630,55,55.01,"and one time, in the summer when Judith was seventeen,",They would enter that dim grim tight little house
"Absalom, Absalom!",AA,15631,55,55.02,They would enter that dim grim tight little house,When they came to town next and the carriage
"Absalom, Absalom!",AA,15632,56,56.01,When they came to town next and the carriage,That summer she saw Henry again too.  She
"Absalom, Absalom!",AA,15633,56,56.02,That summer she saw Henry again too.  She,although he had been home Christmas with his friend
"Absalom, Absalom!",AA,15634,56,56.03,although he had been home Christmas with his friend,"So she did not see him until the following summer,"
"Absalom, Absalom!",AA,15635,56,56.04,"So she did not see him until the following summer,",Because Sutpen was acting his role too.  He had
"Absalom, Absalom!",AA,15636,56,56.05,Because Sutpen was acting his role too.  He had,"""There goes - "" your grandmother said.  But Miss Rosa"
"Absalom, Absalom!",AA,15637,57,57.01,"""There goes - "" your grandmother said.  But Miss Rosa","Then she stopped seeing Ellen even.  That is,"
"Absalom, Absalom!",AA,15638,57,57.02,"Then she stopped seeing Ellen even.  That is,",then to come to the house and fill it too
"Absalom, Absalom!",AA,15639,58,58.01,then to come to the house and fill it too,"Charles Bon of New Orleans, Henry's friend who was"
"Absalom, Absalom!",AA,15641,58,58.02,"Charles Bon of New Orleans, Henry's friend who was","Miss Rosa never saw him; this was a picture, an image."
"Absalom, Absalom!",AA,15643,58,58.03,"Miss Rosa never saw him; this was a picture, an image.","This, while Miss Rosa, not listening, who had got"
"Absalom, Absalom!",AA,15644,59,59.01,"This, while Miss Rosa, not listening, who had got",It sounded like a fairy tale when Ellen
"Absalom, Absalom!",AA,15645,60,60.01,It sounded like a fairy tale when Ellen,"But to Miss Rosa it must have been authentic,"
"Absalom, Absalom!",AA,15647,60,60.02,"But to Miss Rosa it must have been authentic,",Naturally there is no known rejoinder to this.
"Absalom, Absalom!",AA,15648,60,60.03,Naturally there is no known rejoinder to this.,She could not have got it anywhere else.
"Absalom, Absalom!",AA,15649,60,60.04,She could not have got it anywhere else.,So she would have to get the material
"Absalom, Absalom!",AA,15650,60,60.05,So she would have to get the material,So she didn't even see Ellen anymore.  Apparently
"Absalom, Absalom!",AA,15651,61,61.01,So she didn't even see Ellen anymore.  Apparently,Henry had just vanished.  She heard of that too
"Absalom, Absalom!",AA,15652,61,61.02,Henry had just vanished.  She heard of that too,Henry just vanished: she heard just what the town
"Absalom, Absalom!",AA,15653,62,62.01,Henry just vanished: she heard just what the town,That's what Miss Rosa heard.  Nobody knows what she thought.
"Absalom, Absalom!",AA,15654,62,62.02,That's what Miss Rosa heard.  Nobody knows what she thought.,She was still doing that when Mississippi seceded and
"Absalom, Absalom!",AA,15655,63,63.01,She was still doing that when Mississippi seceded and,"The fat, the stomach, came later.  It came upon him"
"Absalom, Absalom!",AA,15656,63,63.02,"The fat, the stomach, came later.  It came upon him",She did not see the regiment depart because
"Absalom, Absalom!",AA,15657,64,64.01,She did not see the regiment depart because,(but not the marriage of the aunt; it was Miss Rosa
"Absalom, Absalom!",AA,15658,64,64.02,(but not the marriage of the aunt; it was Miss Rosa,"had been duly entered in his neat clerk's hand,"
"Absalom, Absalom!",AA,15659,64,64.03,"had been duly entered in his neat clerk's hand,",Then one morning he learned that his store
"Absalom, Absalom!",AA,15660,64,64.04,Then one morning he learned that his store,Now Miss Rosa's life consisted of keeping it in herself
"Absalom, Absalom!",AA,15661,65,65.01,Now Miss Rosa's life consisted of keeping it in herself,which when your grandfather saw it in 1885
"Absalom, Absalom!",AA,15662,65,65.02,which when your grandfather saw it in 1885,Then he died.  One morning the hand did not
"Absalom, Absalom!",AA,15663,65,65.03,Then he died.  One morning the hand did not,Even the two negresses which he had freed
"Absalom, Absalom!",AA,15664,66,66.01,Even the two negresses which he had freed,"So when he died, he had nothing, not only saved"
"Absalom, Absalom!",AA,15665,66,66.02,"So when he died, he had nothing, not only saved","So Miss Rosa was both pauper and orphan, with"
"Absalom, Absalom!",AA,15666,66,66.03,"So Miss Rosa was both pauper and orphan, with","Ellen was dead two years now - the butterfly,"
"Absalom, Absalom!",AA,15668,66,66.04,"Ellen was dead two years now - the butterfly,","(Henry up to now was just vanished, his birthright"
"Absalom, Absalom!",AA,15669,67,67.01,"(Henry up to now was just vanished, his birthright",to protect the remaining child.  So the natural thing
"Absalom, Absalom!",AA,15670,67,67.02,to protect the remaining child.  So the natural thing,That's what she would have been expected to do.
"Absalom, Absalom!",AA,15671,68,68.01,That's what she would have been expected to do.,The first intimation she had had in four years
"Absalom, Absalom!",AA,15672,69,69.01,The first intimation she had had in four years,It was still not dark enough for Quentin
"Absalom, Absalom!",AA,15673,70,70.01,It was still not dark enough for Quentin,where even now the only alteration toward darkness
"Absalom, Absalom!",AA,15674,71,71.01,where even now the only alteration toward darkness,"""Because Henry loved Bon.  He repudiated blood birthright"
"Absalom, Absalom!",AA,15675,71,71.02,"""Because Henry loved Bon.  He repudiated blood birthright",and on whose dead body four years later
"Absalom, Absalom!",AA,15676,71,71.03,and on whose dead body four years later,So much so that he (Henry) could give his father
"Absalom, Absalom!",AA,15677,71,71.04,So much so that he (Henry) could give his father,and must have repeated while he and Bon
"Absalom, Absalom!",AA,15678,72,72.01,and must have repeated while he and Bon,I can imagine him and Sutpen in the library
"Absalom, Absalom!",AA,15679,72,72.02,I can imagine him and Sutpen in the library,"That was why the four years, the probation."
"Absalom, Absalom!",AA,15680,72,72.03,"That was why the four years, the probation.","this man, this youth scarcely twenty, who had"
"Absalom, Absalom!",AA,15681,72,72.04,"this man, this youth scarcely twenty, who had","""It was Henry's probation; Henry holding all three"
"Absalom, Absalom!",AA,15682,73,73.01,"""It was Henry's probation; Henry holding all three",until that afternoon four years later when
"Absalom, Absalom!",AA,15683,73,73.02,until that afternoon four years later when,she just waked the next morning and they
"Absalom, Absalom!",AA,15684,73,73.03,she just waked the next morning and they,And Bon: Henry would have no more told
"Absalom, Absalom!",AA,15685,73,73.04,And Bon: Henry would have no more told,Bon must have learned of Sutpen's visit to
"Absalom, Absalom!",AA,15686,73,73.05,Bon must have learned of Sutpen's visit to,He is the curious one to me.  He came
"Absalom, Absalom!",AA,15687,74,74.01,He is the curious one to me.  He came,"Because you will see the letter, not the first"
"Absalom, Absalom!",AA,15688,75,75.01,"Because you will see the letter, not the first",but because she brought it herself and gave
"Absalom, Absalom!",AA,15689,75,75.02,but because she brought it herself and gave,Because he was her first and last sweetheart.  She must
"Absalom, Absalom!",AA,15690,75,75.03,Because he was her first and last sweetheart.  She must,this man whom Henry first saw riding perhaps
"Absalom, Absalom!",AA,15691,76,76.01,this man whom Henry first saw riding perhaps,"Perhaps that is what went on, not in Henry's mind"
"Absalom, Absalom!",AA,15692,77,77.01,"Perhaps that is what went on, not in Henry's mind","""Yes, Henry: not Bon, as witness the entire queerly placid"
"Absalom, Absalom!",AA,15693,77,77.02,"""Yes, Henry: not Bon, as witness the entire queerly placid",Henry who up to that time had never even been
"Absalom, Absalom!",AA,15694,77,77.03,Henry who up to that time had never even been,"this man who later showed the same indolence,"
"Absalom, Absalom!",AA,15695,78,78.01,"this man who later showed the same indolence,","And yet, four years later, Henry had to kill"
"Absalom, Absalom!",AA,15696,79,79.01,"And yet, four years later, Henry had to kill","So it must have been Henry who seduced Judith,"
"Absalom, Absalom!",AA,15697,79,79.02,"So it must have been Henry who seduced Judith,",that telepathy with which as children they seemed
"Absalom, Absalom!",AA,15698,79,79.03,that telepathy with which as children they seemed,"""You see? there they are: this girl, this young countrybred"
"Absalom, Absalom!",AA,15699,79,79.04,"""You see? there they are: this girl, this young countrybred","""They came from the University to spend"
"Absalom, Absalom!",AA,15700,80,80.01,"""They came from the University to spend",yet to remember so that four years later
"Absalom, Absalom!",AA,15701,80,80.02,yet to remember so that four years later,"Ellen, the esoteric, the almost baroque, the almost"
"Absalom, Absalom!",AA,15702,81,81.01,"Ellen, the esoteric, the almost baroque, the almost","Sutpen, the man whom, after seeing once and"
"Absalom, Absalom!",AA,15703,81,81.02,"Sutpen, the man whom, after seeing once and",They stayed two weeks and rode back to school
"Absalom, Absalom!",AA,15704,81,81.03,They stayed two weeks and rode back to school,they passed the long term before the summer vacation
"Absalom, Absalom!",AA,15705,81,81.04,they passed the long term before the summer vacation,and Ellen and Judith now shopping two and three
"Absalom, Absalom!",AA,15706,81,81.05,and Ellen and Judith now shopping two and three,"and Sutpen, who had seen Bon once and was in"
"Absalom, Absalom!",AA,15707,82,82.01,"and Sutpen, who had seen Bon once and was in","""Then June came and the end of the school year"
"Absalom, Absalom!",AA,15708,82,82.02,"""Then June came and the end of the school year","Yet there was the body which Miss Rosa saw,"
"Absalom, Absalom!",AA,15709,82,82.03,"Yet there was the body which Miss Rosa saw,",And this: the fact that even an undefined and never-spoken
"Absalom, Absalom!",AA,15710,83,83.01,And this: the fact that even an undefined and never-spoken,Then Bon rode on to the River and took the
"Absalom, Absalom!",AA,15711,83,83.02,Then Bon rode on to the River and took the,But Henry did not go this time.  He rode
"Absalom, Absalom!",AA,15712,83,83.03,But Henry did not go this time.  He rode,But Bon did return.  He and Henry met again
"Absalom, Absalom!",AA,15713,83,83.04,But Bon did return.  He and Henry met again,"and it came to him: Christmas, and Henry and Bon"
"Absalom, Absalom!",AA,15714,84,84.01,"and it came to him: Christmas, and Henry and Bon","""They went to New Orleans.  They rode through the"
"Absalom, Absalom!",AA,15717,84,84.02,"""They went to New Orleans.  They rode through the",Bon who for a year and a half now
"Absalom, Absalom!",AA,15718,85,85.01,Bon who for a year and a half now,"Yet here is the letter, sent four years afterward,"
"Absalom, Absalom!",AA,15719,85,85.02,"Yet here is the letter, sent four years afterward,",So whether Henry now knew about the other woman
"Absalom, Absalom!",AA,15720,85,85.03,So whether Henry now knew about the other woman,"""And I can imagine how Bon told Henry,"
"Absalom, Absalom!",AA,15721,86,86.01,"""And I can imagine how Bon told Henry,","So I can imagine him, the way he did it,"
"Absalom, Absalom!",AA,15725,87,87.01,"So I can imagine him, the way he did it,","a wall, unscalable, a gate ponderously locked,"
"Absalom, Absalom!",AA,15727,89,89.01,"a wall, unscalable, a gate ponderously locked,","being carried by the friend, the mentor, through one"
"Absalom, Absalom!",AA,15728,90,90.01,"being carried by the friend, the mentor, through one","and returned to Bon's rooms, for that while impotent"
"Absalom, Absalom!",AA,15729,91,91.01,"and returned to Bon's rooms, for that while impotent","""So that was all.  It should have been all;"
"Absalom, Absalom!",AA,15730,94,94.01,"""So that was all.  It should have been all;","That spring they returned north, into Mississippi."
"Absalom, Absalom!",AA,15731,94,94.02,"That spring they returned north, into Mississippi.","""And Judith: how else to explain her but"
"Absalom, Absalom!",AA,15732,95,95.01,"""And Judith: how else to explain her but","who while Henry screamed and vomited, looked"
"Absalom, Absalom!",AA,15733,95,95.02,"who while Henry screamed and vomited, looked",Because she could not have known the reason
"Absalom, Absalom!",AA,15734,95,95.03,Because she could not have known the reason,"""Have you noticed how so often when we"
"Absalom, Absalom!",AA,15735,96,96.01,"""Have you noticed how so often when we","Judith, giving implicit trust where she had given"
"Absalom, Absalom!",AA,15736,96,96.02,"Judith, giving implicit trust where she had given",the same two calm impenetrable faces seen together
"Absalom, Absalom!",AA,15737,96,96.03,the same two calm impenetrable faces seen together,because Bon and Henry must have enrolled
"Absalom, Absalom!",AA,15738,97,97.01,because Bon and Henry must have enrolled,they did not join the company until after it
"Absalom, Absalom!",AA,15739,98,98.01,they did not join the company until after it,He received a lieutenancy before the company
"Absalom, Absalom!",AA,15740,98,98.02,He received a lieutenancy before the company,"the private who carried that officer, shot through"
"Absalom, Absalom!",AA,15741,98,98.03,"the private who carried that officer, shot through","""And Judith.  She lived alone now.  Perhaps she"
"Absalom, Absalom!",AA,15742,99,99.01,"""And Judith.  She lived alone now.  Perhaps she",and the negroes - the wild stock with which he had
"Absalom, Absalom!",AA,15743,99,99.02,and the negroes - the wild stock with which he had,"she lived in anything but solitude, what with Ellen"
"Absalom, Absalom!",AA,15744,99,99.03,"she lived in anything but solitude, what with Ellen","and Wash Jones, living in the abandoned and rotting"
"Absalom, Absalom!",AA,15745,99,99.04,"and Wash Jones, living in the abandoned and rotting",who until Sutpen went away had never approached
"Absalom, Absalom!",AA,15746,99,99.05,who until Sutpen went away had never approached,not solitude and certainly not idleness: the same
"Absalom, Absalom!",AA,15747,99,99.06,not solitude and certainly not idleness: the same,to join the other women where - there were wounded
"Absalom, Absalom!",AA,15748,99,99.07,to join the other women where - there were wounded,"Then Ellen died, the butterfly of a forgotten summer"
"Absalom, Absalom!",AA,15749,100,100.01,"Then Ellen died, the butterfly of a forgotten summer","(Colonel Sutpen now, since Sartoris had been deposed"
"Absalom, Absalom!",AA,15751,100,100.02,"(Colonel Sutpen now, since Sartoris had been deposed",brought in the regimental forage wagon from Charleston
"Absalom, Absalom!",AA,15752,100,100.03,brought in the regimental forage wagon from Charleston,"And then her grandfather died, starved to death nailed"
"Absalom, Absalom!",AA,15753,100,100.04,"And then her grandfather died, starved to death nailed","waiting too apparently upon this letter, this first"
"Absalom, Absalom!",AA,15754,100,100.05,"waiting too apparently upon this letter, this first","and which, a week after she buried him too"
"Absalom, Absalom!",AA,15755,100,100.06,"and which, a week after she buried him too","Mr Compson moved.  Half rising, Quentin took the letter"
"Absalom, Absalom!",AA,15756,101,101.01,"Mr Compson moved.  Half rising, Quentin took the letter","""Now you can see why I said that he loved"
"Absalom, Absalom!",AA,15757,102,102.01,"""Now you can see why I said that he loved",But keeping this one which must have reached
"Absalom, Absalom!",AA,15758,102,102.02,But keeping this one which must have reached,Quentin hearing without having to listen as he read
"Absalom, Absalom!",AA,15759,102,102.03,Quentin hearing without having to listen as he read,You will notice how I insult neither of us
"Absalom, Absalom!",AA,15760,102,102.04,You will notice how I insult neither of us,"""And that's all,"" Mr Compson said.  ""She received it"
"Absalom, Absalom!",AA,15762,105,105.01,"""And that's all,"" Mr Compson said.  ""She received it","and maybe he told Henry, showed Henry the letter"
"Absalom, Absalom!",AA,15763,105,105.02,"and maybe he told Henry, showed Henry the letter",the ultimatum discharged before the gate to
"Absalom, Absalom!",AA,15764,105,105.03,the ultimatum discharged before the gate to,"(It seemed to Quentin that he could actually see them, facing one another"
"Absalom, Absalom!",AA,15765,105,105.04,"(It seemed to Quentin that he could actually see them, facing one another",and then Wash Jones sitting that saddleless mule
"Absalom, Absalom!",AA,15766,106,106.01,and then Wash Jones sitting that saddleless mule,So they will have told you doubtless already how
"Absalom, Absalom!",AA,15767,107,107.01,So they will have told you doubtless already how,and traverse those twelve miles which I had not
"Absalom, Absalom!",AA,15768,107,107.02,and traverse those twelve miles which I had not,"a shot heard, faint and far away, and even direction"
"Absalom, Absalom!",AA,15769,108,108.01,"a shot heard, faint and far away, and even direction","Twelve miles toward that I rode, beside an animal"
"Absalom, Absalom!",AA,15770,108,108.02,"Twelve miles toward that I rode, beside an animal",into the hallway whose carpet had long since gone
"Absalom, Absalom!",AA,15771,109,109.01,into the hallway whose carpet had long since gone,As a child I had more than once watched her
"Absalom, Absalom!",AA,15772,112,112.01,As a child I had more than once watched her,We stood there so.  And then suddenly it
"Absalom, Absalom!",AA,15773,112,112.02,We stood there so.  And then suddenly it,"Henry perhaps, to emerge from some door which"
"Absalom, Absalom!",AA,15774,113,113.01,"Henry perhaps, to emerge from some door which","Or not expect perhaps, not even hope; not"
"Absalom, Absalom!",AA,15776,113,113.02,"Or not expect perhaps, not even hope; not","until the voice parted us, broke the spell."
"Absalom, Absalom!",AA,15777,114,114.01,"until the voice parted us, broke the spell.",Once there was -
"Absalom, Absalom!",AA,15778,115,115.01,Once there was -,"Do you mark how the wistaria, sun-impacted on this wall"
"Absalom, Absalom!",AA,15779,115,115.02,"Do you mark how the wistaria, sun-impacted on this wall",Once there was (they cannot have told you
"Absalom, Absalom!",AA,15780,115,115.03,Once there was (they cannot have told you,while in that unpaced corridor which I called childhood
"Absalom, Absalom!",AA,15781,116,116.01,while in that unpaced corridor which I called childhood,"fourteen, four years younger than Judith, four years"
"Absalom, Absalom!",AA,15782,116,116.02,"fourteen, four years younger than Judith, four years",It was the summer after that first Christmas
"Absalom, Absalom!",AA,15783,117,117.01,It was the summer after that first Christmas,I had never seen him (I never saw him.
"Absalom, Absalom!",AA,15784,117,117.02,I had never seen him (I never saw him.,"There must have been some seed he left,"
"Absalom, Absalom!",AA,15785,117,117.03,"There must have been some seed he left,",I dont know even now if I was ever
"Absalom, Absalom!",AA,15786,118,118.01,I dont know even now if I was ever,"Why did I not invent, create it? - And I know"
"Absalom, Absalom!",AA,15787,118,118.02,"Why did I not invent, create it? - And I know","A picture seen by stealth, by creeping into"
"Absalom, Absalom!",AA,15788,118,118.03,"A picture seen by stealth, by creeping into","No, it was not that; I was not spying,"
"Absalom, Absalom!",AA,15789,119,119.01,"No, it was not that; I was not spying,",Then my father returned and came for me
"Absalom, Absalom!",AA,15790,119,119.02,Then my father returned and came for me,And then I went back home and stayed
"Absalom, Absalom!",AA,15791,120,120.01,And then I went back home and stayed,"ran up a nightmare flight of steps, and found"
"Absalom, Absalom!",AA,15792,120,120.02,"ran up a nightmare flight of steps, and found","Yes, running out of that first year (that year"
"Absalom, Absalom!",AA,15793,120,120.03,"Yes, running out of that first year (that year",the four years while I believed she waited
"Absalom, Absalom!",AA,15794,120,120.04,the four years while I believed she waited,"Yes, found her standing before that closed door"
"Absalom, Absalom!",AA,15795,121,121.01,"Yes, found her standing before that closed door","That was all.  Or rather, not all, since there"
"Absalom, Absalom!",AA,15796,121,121.02,"That was all.  Or rather, not all, since there",and in the lamplit kitchen helped this time
"Absalom, Absalom!",AA,15797,122,122.01,and in the lamplit kitchen helped this time,"a strange gaunt half-wild horse, bridled and with"
"Absalom, Absalom!",AA,15798,123,123.01,"a strange gaunt half-wild horse, bridled and with","Yes, more than that: he was absent, and"
"Absalom, Absalom!",AA,15808,123,123.02,"Yes, more than that: he was absent, and",Now you will ask me why I stayed there.
"Absalom, Absalom!",AA,15802,123,123.03,Now you will ask me why I stayed there.,It was winter soon and already soldiers were beginning
"Absalom, Absalom!",AA,15803,126,126.01,It was winter soon and already soldiers were beginning,And then one afternoon in January Thomas Sutpen
"Absalom, Absalom!",AA,15804,127,127.01,And then one afternoon in January Thomas Sutpen,That was all.  He rode up the drive and into
"Absalom, Absalom!",AA,15805,129,129.01,That was all.  He rode up the drive and into,That was the winter when we began to learn
"Absalom, Absalom!",AA,15806,130,130.01,That was the winter when we began to learn,"Oh yes, I watched him, watched his old man's solitary"
"Absalom, Absalom!",AA,15807,130,130.02,"Oh yes, I watched him, watched his old man's solitary",And then one afternoon (I was in the garden
"Absalom, Absalom!",AA,15809,131,131.01,And then one afternoon (I was in the garden,who sat at the supper table that night with
"Absalom, Absalom!",AA,15810,132,132.01,who sat at the supper table that night with,and then before the fire in Judith's bedroom
"Absalom, Absalom!",AA,15811,132,132.02,and then before the fire in Judith's bedroom,But for the next two months he did not even
"Absalom, Absalom!",AA,15812,133,133.01,But for the next two months he did not even,But no matter.  I will tell you what he did and
"Absalom, Absalom!",AA,15813,134,134.01,But no matter.  I will tell you what he did and,"You see, I was that sun, or thought I was"
"Absalom, Absalom!",AA,15814,135,135.01,"You see, I was that sun, or thought I was",And then one afternoon - oh there was a fate
"Absalom, Absalom!",AA,15815,136,136.01,And then one afternoon - oh there was a fate,They will have told you how I came back home.
"Absalom, Absalom!",AA,15816,136,136.02,They will have told you how I came back home.,"But I forgave him.  They will tell you different, but"
"Absalom, Absalom!",AA,16246,138,138.01,"But I forgave him.  They will tell you different, but",at last in the stroke of a rusty scythe.
"Absalom, Absalom!",AA,15818,139,139.01,at last in the stroke of a rusty scythe.,"But Quentin was not listening, because there was"
"Absalom, Absalom!",AA,15819,139,139.02,"But Quentin was not listening, because there was","that door, the running feet on the stairs beyond it"
"Absalom, Absalom!",AA,15820,139,139.03,"that door, the running feet on the stairs beyond it",He (Quentin) couldn't pass that.  He was not even
"Absalom, Absalom!",AA,15821,140,140.01,He (Quentin) couldn't pass that.  He was not even,"There was snow on Shreve's overcoat sleeve, his"
"Absalom, Absalom!",AA,15822,141,141.01,"There was snow on Shreve's overcoat sleeve, his","My dear son, Miss Rosa Coldfield was buried yesterday."
"Absalom, Absalom!",AA,15823,141,141.02,"My dear son, Miss Rosa Coldfield was buried yesterday.",bringing with it that very September evening itself
"Absalom, Absalom!",AA,15824,142,142.01,bringing with it that very September evening itself,"and that not Shreve's first time, nobody's first"
"Absalom, Absalom!",AA,15825,142,142.02,"and that not Shreve's first time, nobody's first",that very September evening when Mr Compson stopped
"Absalom, Absalom!",AA,15826,142,142.03,that very September evening when Mr Compson stopped,because he had not been listening since he
"Absalom, Absalom!",AA,15827,142,142.04,because he had not been listening since he,"And she (Miss Coldfield) had on the shawl,"
"Absalom, Absalom!",AA,15828,142,142.05,"And she (Miss Coldfield) had on the shawl,","that evening, the twelve miles behind the fat mare"
"Absalom, Absalom!",AA,15829,143,143.01,"that evening, the twelve miles behind the fat mare","(then Shreve again, ""Wait.  Wait.  You mean this old gal,"
"Absalom, Absalom!",AA,15830,143,143.02,"(then Shreve again, ""Wait.  Wait.  You mean this old gal,","""Yes,"" Quentin said.  He sounds just like Father he thought"
"Absalom, Absalom!",AA,15831,147,147.01,"""Yes,"" Quentin said.  He sounds just like Father he thought",thinking Mad impotent old man who realised at last
"Absalom, Absalom!",AA,15832,148,148.01,thinking Mad impotent old man who realised at last,running his little country store now for his bread
"Absalom, Absalom!",AA,15833,149,149.01,running his little country store now for his bread,Jones who before '61 had not even been allowed
"Absalom, Absalom!",AA,15834,149,149.02,Jones who before '61 had not even been allowed,the two of them (and Jones even sitting now
"Absalom, Absalom!",AA,15835,149,149.03,the two of them (and Jones even sitting now,the two of them drinking turn and turn about
"Absalom, Absalom!",AA,15836,149,149.04,the two of them drinking turn and turn about,and carry him up the front steps and through
"Absalom, Absalom!",AA,15837,150,150.01,and carry him up the front steps and through,this Jones who after the demon rode away
"Absalom, Absalom!",AA,15838,150,150.02,this Jones who after the demon rode away,"""Yes,"" Quentin said."
"Absalom, Absalom!",AA,15839,150,150.03,"""Yes,"" Quentin said.",So that Sunday morning came and the demon up
"Absalom, Absalom!",AA,15840,150,150.04,So that Sunday morning came and the demon up,"and it was almost a week before they caught, found,"
"Absalom, Absalom!",AA,15841,150,150.05,"and it was almost a week before they caught, found,",who was squatting beside the quilt pallet that dawn
"Absalom, Absalom!",AA,15842,151,151.01,who was squatting beside the quilt pallet that dawn,And that night they finally found him and
"Absalom, Absalom!",AA,15843,151,151.02,And that night they finally found him and,who used to like to drive fast to church
"Absalom, Absalom!",AA,15844,151,151.03,who used to like to drive fast to church,the daughter extricated him and fetched him back to
"Absalom, Absalom!",AA,15845,152,152.01,the daughter extricated him and fetched him back to,since she ran the store herself now until
"Absalom, Absalom!",AA,15846,152,152.02,since she ran the store herself now until,(and maybe to the same place; maybe They
"Absalom, Absalom!",AA,15847,152,152.03,(and maybe to the same place; maybe They,hailed by women and children with pails and baskets
"Absalom, Absalom!",AA,15848,152,152.04,hailed by women and children with pails and baskets,until she sold the store at last and spent
"Absalom, Absalom!",AA,15849,152,152.05,until she sold the store at last and spent,"""How was it?"" Shreve said.  ""You told me;"
"Absalom, Absalom!",AA,15850,152,152.06,"""How was it?"" Shreve said.  ""You told me;",and he and his father crossed just as the rain
"Absalom, Absalom!",AA,15851,152,152.07,and he and his father crossed just as the rain,It seemed to Quentin that he could actually see them: the ragged
"Absalom, Absalom!",AA,15852,154,154.01,It seemed to Quentin that he could actually see them: the ragged,"""But that dont explain the other three,"" he said."
"Absalom, Absalom!",AA,15853,155,155.01,"""But that dont explain the other three,"" he said.",Judith came into town one day and brought him
"Absalom, Absalom!",AA,15854,155,155.02,Judith came into town one day and brought him,"""Oh,"" Quentin said.  ""Yes.  They lead beautiful lives"
"Absalom, Absalom!",AA,15855,156,156.01,"""Oh,"" Quentin said.  ""Yes.  They lead beautiful lives","""Yes.  But there was one afternoon in the summer"
"Absalom, Absalom!",AA,15856,156,156.02,"""Yes.  But there was one afternoon in the summer","(who, not bereaved, did not need to mourn"
"Absalom, Absalom!",AA,15857,157,157.01,"(who, not bereaved, did not need to mourn","who stood just inside the cedars, in the calico"
"Absalom, Absalom!",AA,15858,157,157.02,"who stood just inside the cedars, in the calico","""She stayed a week.  She passed the rest"
"Absalom, Absalom!",AA,15859,158,158.01,"""She stayed a week.  She passed the rest",And your grandfather never knew if it was
"Absalom, Absalom!",AA,15860,159,159.01,And your grandfather never knew if it was,Clytie who had never been further from Sutpen's Hundred
"Absalom, Absalom!",AA,15861,159,159.02,Clytie who had never been further from Sutpen's Hundred,(your grandfather said you did not wonder what
"Absalom, Absalom!",AA,15862,159,159.03,(your grandfather said you did not wonder what,but produced complete and subject to no microbe
"Absalom, Absalom!",AA,15863,159,159.04,but produced complete and subject to no microbe,"(they made, they must have made, that week's journey"
"Absalom, Absalom!",AA,15864,160,160.01,"(they made, they must have made, that week's journey","and so could have only suspected, surmised, where"
"Absalom, Absalom!",AA,15865,160,160.02,"and so could have only suspected, surmised, where","Yes, sleeping in the trundle bed beside Judith's,"
"Absalom, Absalom!",AA,15866,160,160.03,"Yes, sleeping in the trundle bed beside Judith's,","(and your grandfather said, 'Suffer little children"
"Absalom, Absalom!",AA,15867,161,161.01,"(and your grandfather said, 'Suffer little children","look upon the human creature who feeds it, who"
"Absalom, Absalom!",AA,15868,161,161.02,"look upon the human creature who feeds it, who","""And your grandfather did not know either"
"Absalom, Absalom!",AA,15869,161,161.03,"""And your grandfather did not know either","Your grandfather didn't know, even though he"
"Absalom, Absalom!",AA,15870,163,163.01,"Your grandfather didn't know, even though he",your grandfather to whose office Judith came
"Absalom, Absalom!",AA,15871,163,163.02,your grandfather to whose office Judith came,the crowded room which they entered and your
"Absalom, Absalom!",AA,15872,163,163.03,the crowded room which they entered and your,a negro ball held in a cabin a few miles
"Absalom, Absalom!",AA,15873,164,164.01,a negro ball held in a cabin a few miles,"and only your grandfather to fumble, grope, grasp"
"Absalom, Absalom!",AA,15874,164,164.02,"and only your grandfather to fumble, grope, grasp","""Your grandfather got him out, quashed the indictment"
"Absalom, Absalom!",AA,15875,165,165.01,"""Your grandfather got him out, quashed the indictment","""So he departed, and your grandfather rode out"
"Absalom, Absalom!",AA,15876,165,165.02,"""So he departed, and your grandfather rode out","And now, next time, he was not sent for;"
"Absalom, Absalom!",AA,15877,166,166.01,"And now, next time, he was not sent for;","even a year later and after their son was born,"
"Absalom, Absalom!",AA,15878,166,166.02,"even a year later and after their son was born,",still existed in that aghast and automaton-like state
"Absalom, Absalom!",AA,15879,166,166.03,still existed in that aghast and automaton-like state,(and this last none knew even now if
"Absalom, Absalom!",AA,15880,167,167.01,(and this last none knew even now if,how there followed something like a year
"Absalom, Absalom!",AA,15881,167,167.02,how there followed something like a year,or in city honky-tonks who thought
"Absalom, Absalom!",AA,22569,167,167.03,or in city honky-tonks who thought,"the white men who, when he said"
"Absalom, Absalom!",AA,22570,167,167.04,"the white men who, when he said","""So he showed Judith the license and took"
"Absalom, Absalom!",AA,15883,167,167.05,"""So he showed Judith the license and took",(Because there was love Mr Compson said
"Absalom, Absalom!",AA,15884,168,168.01,(Because there was love Mr Compson said,"He (Quentin) could see it, as plainly as"
"Absalom, Absalom!",AA,15885,168,168.02,"He (Quentin) could see it, as plainly as",and who to know what moral restoration she might
"Absalom, Absalom!",AA,15886,168,168.03,and who to know what moral restoration she might,"""Not your grandfather.  He knew only what"
"Absalom, Absalom!",AA,15887,169,169.01,"""Not your grandfather.  He knew only what",who was not seen in Jefferson but three times
"Absalom, Absalom!",AA,15888,169,169.02,who was not seen in Jefferson but three times,So they did not even miss him from town
"Absalom, Absalom!",AA,15890,170,170.01,So they did not even miss him from town,Within the week your grandfather learned that
"Absalom, Absalom!",AA,15891,170,170.02,Within the week your grandfather learned that,"""Oh,"" Quentin said. - Yes he thought Too much,"
"Absalom, Absalom!",AA,15892,170,170.03,"""Oh,"" Quentin said. - Yes he thought Too much,",remembering how he had looked at the fifth
"Absalom, Absalom!",AA,15893,170,170.04,remembering how he had looked at the fifth,"thinking about, imagining what careful printed directions"
"Absalom, Absalom!",AA,15894,170,170.05,"thinking about, imagining what careful printed directions",and how Clytie must have lived during the next
"Absalom, Absalom!",AA,15895,170,170.06,and how Clytie must have lived during the next,He had to brush the clinging cedar needles
"Absalom, Absalom!",AA,15896,170,170.07,He had to brush the clinging cedar needles,"thinking Yes, to too much, too long.  I didn't"
"Absalom, Absalom!",AA,15897,171,171.01,"thinking Yes, to too much, too long.  I didn't",Beautiful lives - women do.  In very breathing they
"Absalom, Absalom!",AA,15898,171,171.02,Beautiful lives - women do.  In very breathing they,"He had been the executor of her father's estate,"
"Absalom, Absalom!",AA,15899,171,171.03,"He had been the executor of her father's estate,","(he, Benbow, had in his office a portfolio,"
"Absalom, Absalom!",AA,15901,172,172.01,"(he, Benbow, had in his office a portfolio,","But you were not listening, because you knew"
"Absalom, Absalom!",AA,15902,172,172.02,"But you were not listening, because you knew","who had been here before, seen those graves"
"Absalom, Absalom!",AA,15904,172,172.03,"who had been here before, seen those graves",although it had stood there empty and unthreatening
"Absalom, Absalom!",AA,15903,172,172.04,although it had stood there empty and unthreatening,the rotting shell with its sagging portico and scaling
"Absalom, Absalom!",AA,15905,173,173.01,the rotting shell with its sagging portico and scaling,and you and Luster had both been there that day
"Absalom, Absalom!",AA,15906,173,173.02,and you and Luster had both been there that day,"""Yes,"" Quentin said.  ""And that was the one Luster"
"Absalom, Absalom!",AA,15907,174,174.01,"""Yes,"" Quentin said.  ""And that was the one Luster","""And that he lived in that cabin behind the haunted house"
"Absalom, Absalom!",AA,15908,174,174.02,"""And that he lived in that cabin behind the haunted house","And yet this old gal, this Aunt Rosa,"
"Absalom, Absalom!",AA,15909,175,175.01,"And yet this old gal, this Aunt Rosa,","and so you went out there, drove the twelve miles"
"Absalom, Absalom!",AA,15910,175,175.02,"and so you went out there, drove the twelve miles","There was no snow on Shreve's arm now,"
"Absalom, Absalom!",AA,15911,176,176.01,"There was no snow on Shreve's arm now,","""He told Grandfather about it,"" he said.  ""That time"
"Absalom, Absalom!",AA,15912,177,177.01,"""He told Grandfather about it,"" he said.  ""That time","""The demon, hey?"" Shreve said.  Quentin did not"
"Absalom, Absalom!",AA,15913,177,177.02,"""The demon, hey?"" Shreve said.  Quentin did not",""" - sent word in to Grandfather and some others"
"Absalom, Absalom!",AA,15914,177,177.03,""" - sent word in to Grandfather and some others","""Maybe he had a girl,"" Shreve said.  ""Or maybe"
"Absalom, Absalom!",AA,15915,177,177.04,"""Maybe he had a girl,"" Shreve said.  ""Or maybe",""" - and so he went.  He seemed to vanish in broad"
"Absalom, Absalom!",AA,15916,177,177.05,""" - and so he went.  He seemed to vanish in broad",And Grandfather (he was young then too) brought
"Absalom, Absalom!",AA,15917,178,178.01,And Grandfather (he was young then too) brought,Then it was daylight and the dogs had a
"Absalom, Absalom!",AA,15918,178,178.02,Then it was daylight and the dogs had a,And so he told Grandfather something about it.
"Absalom, Absalom!",AA,15919,178,178.03,And so he told Grandfather something about it.,"""Not in West Virginia,"" Shreve said. "" - What?"" Quentin"
"Absalom, Absalom!",AA,15920,179,179.01,"""Not in West Virginia,"" Shreve said. "" - What?"" Quentin",""" - where what few other people he knew lived"
"Absalom, Absalom!",AA,15921,179,179.02,""" - where what few other people he knew lived","""That's how it was.  They fell into it, the whole"
"Absalom, Absalom!",AA,22378,180,180.01,"""That's how it was.  They fell into it, the whole",(when the ship from the Old Bailey reached Jamestown
"Absalom, Absalom!",AA,22379,180,180.02,(when the ship from the Old Bailey reached Jamestown,tumbled head over heels back to Tidewater
"Absalom, Absalom!",AA,15922,180,180.03,tumbled head over heels back to Tidewater,"He didn't know why they moved, or didn't remember"
"Absalom, Absalom!",AA,15923,181,181.01,"He didn't know why they moved, or didn't remember",He didn't remember if it was weeks or months
"Absalom, Absalom!",AA,15924,181,181.02,He didn't remember if it was weeks or months,Because they were stopped now at last.  He didn't know
"Absalom, Absalom!",AA,15925,183,183.01,Because they were stopped now at last.  He didn't know,and the man who owned all the land
"Absalom, Absalom!",AA,15926,184,184.01,and the man who owned all the land,He didn't even know he was innocent that day when
"Absalom, Absalom!",AA,15927,185,185.01,He didn't even know he was innocent that day when,and a part of him turn and rush back through
"Absalom, Absalom!",AA,15928,186,186.01,and a part of him turn and rush back through,And now he stood there before that white door
"Absalom, Absalom!",AA,15930,188,188.01,And now he stood there before that white door,He didn't even remember leaving.  All of a sudden
"Absalom, Absalom!",AA,15931,188,188.02,He didn't even remember leaving.  All of a sudden,Now he was hungry.  It was before dinner
"Absalom, Absalom!",AA,15932,190,190.01,Now he was hungry.  It was before dinner,"""He went to the West Indies.""  Quentin had not moved,"
"Absalom, Absalom!",AA,15933,192,192.01,"""He went to the West Indies.""  Quentin had not moved,","""That was how he said it.  He and Grandfather"
"Absalom, Absalom!",AA,15934,193,193.01,"""That was how he said it.  He and Grandfather","""He went to the West Indies.  That's how he said it:"
"Absalom, Absalom!",AA,15935,193,193.02,"""He went to the West Indies.  That's how he said it:",saying it just like that day thirty years later
"Absalom, Absalom!",AA,15936,193,193.03,saying it just like that day thirty years later,just told Grandfather how he had put his first wife
"Absalom, Absalom!",AA,15937,194,194.01,just told Grandfather how he had put his first wife,telling Grandfather in that same tone while they sat
"Absalom, Absalom!",AA,15938,194,194.02,telling Grandfather in that same tone while they sat,'So I went to the West Indies.  I had had
"Absalom, Absalom!",AA,15939,194,194.03,'So I went to the West Indies.  I had had,I remember how I remained one afternoon when school
"Absalom, Absalom!",AA,15940,195,195.01,I remember how I remained one afternoon when school,So when the time came when I realised that
"Absalom, Absalom!",AA,15941,196,196.01,So when the time came when I realised that,"""Then the other guests began to ride up, and"
"Absalom, Absalom!",AA,15942,196,196.02,"""Then the other guests began to ride up, and","he said, 'There it is' and got up and they all"
"Absalom, Absalom!",AA,15943,197,197.01,"he said, 'There it is' and got up and they all",And he said how Sutpen was talking about it
"Absalom, Absalom!",AA,15944,198,198.01,And he said how Sutpen was talking about it,just as the fine broadcloth uniform in which you
"Absalom, Absalom!",AA,15945,198,198.02,just as the fine broadcloth uniform in which you,"He was telling some more of it, already"
"Absalom, Absalom!",AA,15946,198,198.03,"He was telling some more of it, already","he not telling how he got there, what had happened"
"Absalom, Absalom!",AA,15947,199,199.01,"he not telling how he got there, what had happened",(and now Grandfather said there was the first
"Absalom, Absalom!",AA,15948,199,199.02,(and now Grandfather said there was the first,""" - whom he was to tell Grandfather thirty years"
"Absalom, Absalom!",AA,15950,199,199.03,""" - whom he was to tell Grandfather thirty years",and a few frightened half-breed servants which he
"Absalom, Absalom!",AA,15962,199,199.04,and a few frightened half-breed servants which he,and I reckon Grandfather was saying 'Wait wait
"Absalom, Absalom!",AA,15966,199,199.05,and I reckon Grandfather was saying 'Wait wait,because Grandfather asked him why he didn't
"Absalom, Absalom!",AA,15971,200,200.01,because Grandfather asked him why he didn't,"So it was no tale about women, and certainly"
"Absalom, Absalom!",AA,15975,200,200.02,"So it was no tale about women, and certainly",and Grandfather said how he remembered then
"Absalom, Absalom!",AA,15977,200,200.03,and Grandfather said how he remembered then,"the girl just emerging for a second of the telling,"
"Absalom, Absalom!",AA,15978,201,201.01,"the girl just emerging for a second of the telling,",No more detail and information about that than about
"Absalom, Absalom!",AA,15980,201,201.02,No more detail and information about that than about,"Because he was not afraid until after it was all over,"
"Absalom, Absalom!",AA,15988,201,201.03,"Because he was not afraid until after it was all over,","And he overseeing it, riding peacefully about on"
"Absalom, Absalom!",AA,15989,202,202.01,"And he overseeing it, riding peacefully about on","And he not telling that either, how that day happened,"
"Absalom, Absalom!",AA,15990,203,203.01,"And he not telling that either, how that day happened,",(he told Grandfather how until that first night
"Absalom, Absalom!",AA,15991,203,203.02,(he told Grandfather how until that first night,as foreigners; - the body of one of the half breeds found
"Absalom, Absalom!",AA,15992,203,203.03,as foreigners; - the body of one of the half breeds found,"and he sitting on the log, Grandfather said,"
"Absalom, Absalom!",AA,15994,203,203.04,"and he sitting on the log, Grandfather said,",sitting there and telling Grandfather how at last
"Absalom, Absalom!",AA,15995,204,204.01,sitting there and telling Grandfather how at last,"then the house, the barricade, the five of them"
"Absalom, Absalom!",AA,15996,204,204.02,"then the house, the barricade, the five of them",and how on the eighth night the water gave
"Absalom, Absalom!",AA,15997,204,204.03,and how on the eighth night the water gave,and Grandfather saying 'Wait wait' sure enough
"Absalom, Absalom!",AA,15998,204,204.04,and Grandfather saying 'Wait wait' sure enough,Not how he did it.  He didn't tell that
"Absalom, Absalom!",AA,15999,204,204.05,Not how he did it.  He didn't tell that,"(he showed Grandfather the scars, one of which"
"Absalom, Absalom!",AA,16000,205,205.01,"(he showed Grandfather the scars, one of which",and then daylight came with no drums in it
"Absalom, Absalom!",AA,16001,205,205.02,and then daylight came with no drums in it,"""All right,"" Shreve said.  ""Go on.""  ""I said he stopped,"""
"Absalom, Absalom!",AA,16002,205,205.03,"""All right,"" Shreve said.  ""Go on.""  ""I said he stopped,""","""He just said that he was now engaged to be married"
"Absalom, Absalom!",AA,16003,206,206.01,"""He just said that he was now engaged to be married","""But they didn't.  It was late afternoon before they"
"Absalom, Absalom!",AA,16004,206,206.02,"""But they didn't.  It was late afternoon before they",They never did find it so Grandfather gave him
"Absalom, Absalom!",AA,16005,206,206.03,They never did find it so Grandfather gave him,a little harried wild-faced man with a two-days' stubble
"Absalom, Absalom!",AA,16006,207,207.01,a little harried wild-faced man with a two-days' stubble,"Quentin ceased.  At once Shreve said, ""All right."
"Absalom, Absalom!",AA,16007,208,208.01,"Quentin ceased.  At once Shreve said, ""All right.","""It was thirty years before he told Grandfather"
"Absalom, Absalom!",AA,16008,208,208.02,"""It was thirty years before he told Grandfather","""Yes,"" Shreve said; ""Mr Coldfield: what was that?"""
"Absalom, Absalom!",AA,16009,208,208.03,"""Yes,"" Shreve said; ""Mr Coldfield: what was that?""",hated that country so much that he was even
"Absalom, Absalom!",AA,16010,209,209.01,hated that country so much that he was even,"""Sure,"" Shreve said.  ""That's fine.  But Sutpen.  The design."
"Absalom, Absalom!",AA,16011,209,209.02,"""Sure,"" Shreve said.  ""That's fine.  But Sutpen.  The design.","Only Father said that that wasn't it now,"
"Absalom, Absalom!",AA,16012,210,210.01,"Only Father said that that wasn't it now,","""Dont say it's just me that sounds like your"
"Absalom, Absalom!",AA,16013,210,210.02,"""Dont say it's just me that sounds like your","""Yes, the two children, the son and the daughter"
"Absalom, Absalom!",AA,16014,210,210.03,"""Yes, the two children, the son and the daughter",like he chose his twenty niggers out of whatever
"Absalom, Absalom!",AA,16015,211,211.01,like he chose his twenty niggers out of whatever,And Grandfather said there was no conscience
"Absalom, Absalom!",AA,16016,211,211.02,And Grandfather said there was no conscience,"suffice that I had the wife, accepted her in"
"Absalom, Absalom!",AA,16017,212,212.01,"suffice that I had the wife, accepted her in",a fact which I did not learn until after
"Absalom, Absalom!",AA,16018,212,212.02,a fact which I did not learn until after,"And yet, after more than thirty years, more than"
"Absalom, Absalom!",AA,16019,213,213.01,"And yet, after more than thirty years, more than",It was at this point that Shreve went to
"Absalom, Absalom!",AA,16020,213,213.02,It was at this point that Shreve went to,"""All right,"" he said.  ""So that Christmas Henry"
"Absalom, Absalom!",AA,16021,213,213.03,"""All right,"" he said.  ""So that Christmas Henry","""Yes,"" Quentin said.  ""Father said he probably named him"
"Absalom, Absalom!",AA,16022,213,213.04,"""Yes,"" Quentin said.  ""Father said he probably named him","just as he named them all - the Charles Goods,"
"Absalom, Absalom!",AA,16023,214,214.01,"just as he named them all - the Charles Goods,","""Your father,"" Shreve said.  ""He seems to have"
"Absalom, Absalom!",AA,16024,214,214.02,"""Your father,"" Shreve said.  ""He seems to have",""" - said how he must have stood there on the"
"Absalom, Absalom!",AA,16025,214,214.03,""" - said how he must have stood there on the","and which he came to Grandfather, not to"
"Absalom, Absalom!",AA,16026,215,215.01,"and which he came to Grandfather, not to",Because he did not give up.  He never did
"Absalom, Absalom!",AA,16027,215,215.02,Because he did not give up.  He never did,Then Henry and Bon went back to school and
"Absalom, Absalom!",AA,16028,215,215.03,Then Henry and Bon went back to school and,He didn't do anything at all until spring
"Absalom, Absalom!",AA,16029,216,216.01,He didn't do anything at all until spring,and the next Christmas came and Henry and Bon
"Absalom, Absalom!",AA,16030,216,216.02,and the next Christmas came and Henry and Bon,Then it was '61 and Sutpen knew what they
"Absalom, Absalom!",AA,16031,217,217.01,Then it was '61 and Sutpen knew what they,"That was the day he came to the office,"
"Absalom, Absalom!",AA,16032,217,217.02,"That was the day he came to the office,","and came in to see Grandfather, trying to explain"
"Absalom, Absalom!",AA,16033,218,218.01,"and came in to see Grandfather, trying to explain","""Your old man,"" Shreve said.  ""When your grandfather"
"Absalom, Absalom!",AA,16034,220,220.01,"""Your old man,"" Shreve said.  ""When your grandfather","""He left for Virginia that night. Grandfather said"
"Absalom, Absalom!",AA,16035,221,221.01,"""He left for Virginia that night. Grandfather said","He could still reach Sutpen's Hundred before dark,"
"Absalom, Absalom!",AA,16036,221,221.02,"He could still reach Sutpen's Hundred before dark,",Then it was '65 and the army (Grandfather
"Absalom, Absalom!",AA,16037,221,221.03,Then it was '65 and the army (Grandfather,"""So he got his choice made after all,"" Shreve said."
"Absalom, Absalom!",AA,16038,222,222.01,"""So he got his choice made after all,"" Shreve said.",(that at least regarding which he should have needed
"Absalom, Absalom!",AA,16039,222,222.02,(that at least regarding which he should have needed,He had returned.  He was home again where his problem
"Absalom, Absalom!",AA,16040,223,223.01,He had returned.  He was home again where his problem,"It broke down, it vanished into that old impotent"
"Absalom, Absalom!",AA,16041,224,224.01,"It broke down, it vanished into that old impotent","""No,"" Shreve said, ""you wait.  Let me play a while"
"Absalom, Absalom!",AA,16042,224,224.02,"""No,"" Shreve said, ""you wait.  Let me play a while",""" - no reserve to risk a spotting shot with now"
"Absalom, Absalom!",AA,16043,225,225.01,""" - no reserve to risk a spotting shot with now",that after he went away with the regiment
"Absalom, Absalom!",AA,16044,225,225.02,that after he went away with the regiment,Maybe he even delivered the first string
"Absalom, Absalom!",AA,16045,226,226.01,Maybe he even delivered the first string,and Father said how that afternoon Grandfather rode
"Absalom, Absalom!",AA,16046,227,227.01,and Father said how that afternoon Grandfather rode,"""So that Sunday came, a year after that day"
"Absalom, Absalom!",AA,16047,228,228.01,"""So that Sunday came, a year after that day",(Father said Judith actually did this; this was no lie
"Absalom, Absalom!",AA,16048,228,228.02,(Father said Judith actually did this; this was no lie,So it was not until he failed to return at
"Absalom, Absalom!",AA,16049,229,229.01,So it was not until he failed to return at,and the boy walked whistling around the corner
"Absalom, Absalom!",AA,16050,229,229.02,and the boy walked whistling around the corner,Then about a week later they caught
"Absalom, Absalom!",AA,16051,229,229.03,Then about a week later they caught,and she told how she didn't know that Wash
"Absalom, Absalom!",AA,16052,229,229.04,and she told how she didn't know that Wash,"""Wait,"" Shreve said; ""wait.  You mean that he had"
"Absalom, Absalom!",AA,16053,230,230.01,"""Wait,"" Shreve said; ""wait.  You mean that he had",""" - walked the three miles and back before midnight"
"Absalom, Absalom!",AA,16054,230,230.02,""" - walked the three miles and back before midnight",until daylight came and the granddaughter stopped screaming
"Absalom, Absalom!",AA,16055,230,230.03,until daylight came and the granddaughter stopped screaming,and maybe still standing there and holding the stallion's
"Absalom, Absalom!",AA,16056,231,231.01,and maybe still standing there and holding the stallion's,"""Wait,"" Shreve said; ""for Christ's sake wait."
"Absalom, Absalom!",AA,16057,231,231.02,"""Wait,"" Shreve said; ""for Christ's sake wait.",""" - sat there all that day in the little window"
"Absalom, Absalom!",AA,16058,231,231.03,""" - sat there all that day in the little window",Then they rode up.  He must have been listening
"Absalom, Absalom!",AA,16059,233,233.01,Then they rode up.  He must have been listening,"""Wait,"" Shreve said.  ""You mean that he got the son"
"Absalom, Absalom!",AA,16060,234,234.01,"""Wait,"" Shreve said.  ""You mean that he got the son","Sitting in Grandfather's office that afternoon, with"
"Absalom, Absalom!",AA,16061,234,234.02,"Sitting in Grandfather's office that afternoon, with","""Will you wait?"" Shreve said. "" - that with the son"
"Absalom, Absalom!",AA,16062,234,234.03,"""Will you wait?"" Shreve said. "" - that with the son",There would be no deep breathing tonight.  The window
"Absalom, Absalom!",AA,16063,235,235.01,There would be no deep breathing tonight.  The window,"""So the old man sent the nigger for Henry,"""
"Absalom, Absalom!",AA,16064,235,235.02,"""So the old man sent the nigger for Henry,""","Shreve stood beside the table, facing Quentin"
"Absalom, Absalom!",AA,16065,235,235.03,"Shreve stood beside the table, facing Quentin","one in a Mississippi library sixty years ago, with"
"Absalom, Absalom!",AA,16066,236,236.01,"one in a Mississippi library sixty years ago, with",be already clattering over the frozen ruts
"Absalom, Absalom!",AA,16067,237,237.01,be already clattering over the frozen ruts,"""And Bon didn't know it,"" Shreve said.  ""The old man"
"Absalom, Absalom!",AA,16068,237,237.02,"""And Bon didn't know it,"" Shreve said.  ""The old man","But Bon didn't.  Listen, dont you remember how"
"Absalom, Absalom!",AA,16069,237,237.03,"But Bon didn't.  Listen, dont you remember how","Jesus, you can almost see him: a little boy"
"Absalom, Absalom!",AA,16070,238,238.01,"Jesus, you can almost see him: a little boy",They stared at one another - glared rather - their
"Absalom, Absalom!",AA,16071,240,240.01,They stared at one another - glared rather - their,"""Then he got older and got out from under"
"Absalom, Absalom!",AA,16072,240,240.02,"""Then he got older and got out from under",and so all to check him up about the money
"Absalom, Absalom!",AA,16073,240,240.03,and so all to check him up about the money,"Sure, that's who it would be: the lawyer,"
"Absalom, Absalom!",AA,16074,241,241.01,"Sure, that's who it would be: the lawyer,",Today he finished robbing a drunken Indian
"Absalom, Absalom!",AA,16075,241,241.02,Today he finished robbing a drunken Indian,"trailing off not because thinking trailed off, but"
"Absalom, Absalom!",AA,16076,241,241.03,"trailing off not because thinking trailed off, but",(he would have known about the octoroon and
"Absalom, Absalom!",AA,16077,242,242.01,(he would have known about the octoroon and,"They stared - glared - at one another, their voices"
"Absalom, Absalom!",AA,16078,243,243.01,"They stared - glared - at one another, their voices",""" - the old Sabine, who couldn't to save her life"
"Absalom, Absalom!",AA,16079,243,243.02,""" - the old Sabine, who couldn't to save her life","home again where, among the Florentine mirrors and"
"Absalom, Absalom!",AA,16081,244,244.01,"home again where, among the Florentine mirrors and","And him - ""  (Neither of them said 'Bon')"
"Absalom, Absalom!",AA,16082,245,245.01,"And him - ""  (Neither of them said 'Bon')","""So he went away.  He went away to school"
"Absalom, Absalom!",AA,16083,246,246.01,"""So he went away.  He went away to school",Maybe the mother found out about the octoroon
"Absalom, Absalom!",AA,16084,246,246.02,Maybe the mother found out about the octoroon,"then to depart, kissing her maybe, her hand"
"Absalom, Absalom!",AA,16085,247,247.01,"then to depart, kissing her maybe, her hand",because she went to the lawyer.  And it was
"Absalom, Absalom!",AA,16086,247,247.02,because she went to the lawyer.  And it was,So maybe she wasn't out of the office good
"Absalom, Absalom!",AA,16087,248,248.01,So maybe she wasn't out of the office good,"""And he didn't care about that too; he just"
"Absalom, Absalom!",AA,16088,248,248.02,"""And he didn't care about that too; he just",and maybe he lounged into the lawyer's office and
"Absalom, Absalom!",AA,16089,248,248.03,and maybe he lounged into the lawyer's office and,"Where did you say?"" ""Oxford,"" Quentin said."
"Absalom, Absalom!",AA,16090,249,249.01,"Where did you say?"" ""Oxford,"" Quentin said.",""" - 'Oxford.'  And then the papers could be still"
"Absalom, Absalom!",AA,16091,249,249.02,""" - 'Oxford.'  And then the papers could be still","maybe not even goodbye to the octoroon, to"
"Absalom, Absalom!",AA,16092,249,249.03,"maybe not even goodbye to the octoroon, to",and one night he walked up the gangplank
"Absalom, Absalom!",AA,16093,250,250.01,and one night he walked up the gangplank,and one day Henry showed it to him
"Absalom, Absalom!",AA,16094,251,251.01,and one day Henry showed it to him,"The letter which he - ""  it was not Bon he meant"
"Absalom, Absalom!",AA,16095,251,251.02,"The letter which he - ""  it was not Bon he meant",My Dear Mr Sutpen: The undersigned name will
"Absalom, Absalom!",AA,16096,251,251.03,My Dear Mr Sutpen: The undersigned name will,"Not goodbye; all right, who had had so many fathers"
"Absalom, Absalom!",AA,16097,252,252.01,"Not goodbye; all right, who had had so many fathers","""And now,"" Shreve said, ""we're going to talk about love."""
"Absalom, Absalom!",AA,16098,253,253.01,"""And now,"" Shreve said, ""we're going to talk about love.""","""And now, love.  He must have known all about her"
"Absalom, Absalom!",AA,16099,253,253.02,"""And now, love.  He must have known all about her","then (Bon) agreeing at last, saying at last,"
"Absalom, Absalom!",AA,16100,255,255.01,"then (Bon) agreeing at last, saying at last,",So the Christmas came and he and Henry rode
"Absalom, Absalom!",AA,16101,255,255.02,So the Christmas came and he and Henry rode,And went into the house: and maybe somebody looking
"Absalom, Absalom!",AA,16102,256,256.01,And went into the house: and maybe somebody looking,"And he spent ten days there, not only the"
"Absalom, Absalom!",AA,16103,256,256.02,"And he spent ten days there, not only the",and which he did remain to her until he disappeared
"Absalom, Absalom!",AA,16104,256,256.03,and which he did remain to her until he disappeared,"(And the girl, the sister, the virgin - Jesus,"
"Absalom, Absalom!",AA,16105,256,256.04,"(And the girl, the sister, the virgin - Jesus,",And the day came to depart and no sign yet;
"Absalom, Absalom!",AA,16106,256,256.05,And the day came to depart and no sign yet;,"""Wait,"" Shreve cried, though Quentin had not spoken:"
"Absalom, Absalom!",AA,16107,257,257.01,"""Wait,"" Shreve cried, though Quentin had not spoken:","""Because he hadn't even looked at her.  Oh, he had"
"Absalom, Absalom!",AA,16108,257,257.02,"""Because he hadn't even looked at her.  Oh, he had","Does that suit you?""  ""But it's not love,"" Quentin said."
"Absalom, Absalom!",AA,16109,258,258.01,"Does that suit you?""  ""But it's not love,"" Quentin said.","He just didn't have time yet.  Jesus, he must"
"Absalom, Absalom!",AA,16110,258,258.02,"He just didn't have time yet.  Jesus, he must",because who (without a sister: I dont know about
"Absalom, Absalom!",AA,16111,259,259.01,because who (without a sister: I dont know about,Because he never had to worry about the love
"Absalom, Absalom!",AA,16112,260,260.01,Because he never had to worry about the love,It was the other.  Maybe he thought it would be
"Absalom, Absalom!",AA,16113,261,261.01,It was the other.  Maybe he thought it would be,and then Henry began to talk about his stopping
"Absalom, Absalom!",AA,16114,261,261.02,and then Henry began to talk about his stopping,So the day came and he and Henry rode
"Absalom, Absalom!",AA,16115,262,262.01,So the day came and he and Henry rode,(It would be June now and what would it be
"Absalom, Absalom!",AA,16116,262,262.02,(It would be June now and what would it be,"it would be June now, with the magnolias and"
"Absalom, Absalom!",AA,16117,262,262.03,"it would be June now, with the magnolias and","""That's still not love,"" Quentin said."
"Absalom, Absalom!",AA,16118,263,263.01,"""That's still not love,"" Quentin said.",Rode the forty miles and into the gates and
"Absalom, Absalom!",AA,16119,263,263.02,Rode the forty miles and into the gates and,"thinking of the two of them, the sombre vengeful"
"Absalom, Absalom!",AA,16120,263,263.03,"thinking of the two of them, the sombre vengeful","Jesus, think of his heart then, during those two"
"Absalom, Absalom!",AA,16121,263,263.04,"Jesus, think of his heart then, during those two",didn't your father say how she had even taken
"Absalom, Absalom!",AA,16122,263,263.05,didn't your father say how she had even taken,and Judith neither having to accede to the throwing
"Absalom, Absalom!",AA,16123,263,263.06,and Judith neither having to accede to the throwing,"so that (maybe he even kissed her that time,"
"Absalom, Absalom!",AA,16124,264,264.01,"so that (maybe he even kissed her that time,",so that when the two days were up and he
"Absalom, Absalom!",AA,16125,264,264.02,so that when the two days were up and he,"Think of his heart then, while he rode to"
"Absalom, Absalom!",AA,16126,264,264.03,"Think of his heart then, while he rode to",Then he reached home.  And he never learned if
"Absalom, Absalom!",AA,16127,265,265.01,Then he reached home.  And he never learned if,the very fact that he saw through the skillful questions
"Absalom, Absalom!",AA,16128,265,265.02,the very fact that he saw through the skillful questions,the shortest one of all next to the last one
"Absalom, Absalom!",AA,16129,265,265.03,the shortest one of all next to the last one,Because the lawyer would not dare risk asking
"Absalom, Absalom!",AA,16130,265,265.04,Because the lawyer would not dare risk asking,and the summer passed and September came and still
"Absalom, Absalom!",AA,16131,265,265.05,and the summer passed and September came and still,"So he returned to school, where Henry was waiting"
"Absalom, Absalom!",AA,16132,265,265.06,"So he returned to school, where Henry was waiting",And the fall passed and Christmas came and they
"Absalom, Absalom!",AA,16133,266,266.01,And the fall passed and Christmas came and they,So maybe what he was doing that twilight
"Absalom, Absalom!",AA,16134,266,266.02,So maybe what he was doing that twilight,(and Judith thinking about that like she thought
"Absalom, Absalom!",AA,16135,266,266.03,(and Judith thinking about that like she thought,maybe what he was doing there now was waiting
"Absalom, Absalom!",AA,16136,266,266.04,maybe what he was doing there now was waiting,And he stood there facing the house until Henry
"Absalom, Absalom!",AA,16137,266,266.05,And he stood there facing the house until Henry,"Shreve ceased.  That is, for all the two of them,"
"Absalom, Absalom!",AA,16138,267,267.01,"Shreve ceased.  That is, for all the two of them,","believing that that must have occurred to Henry,"
"Absalom, Absalom!",AA,16139,267,267.02,"believing that that must have occurred to Henry,",So it was four of them who rode the two horses
"Absalom, Absalom!",AA,16140,267,267.03,So it was four of them who rode the two horses,There would be Christmas on the boat too:
"Absalom, Absalom!",AA,16141,267,267.04,There would be Christmas on the boat too:,So it was four of them still who got off
"Absalom, Absalom!",AA,16142,268,268.01,So it was four of them still who got off,"Four of them there, in that room in New Orleans"
"Absalom, Absalom!",AA,16143,268,268.02,"Four of them there, in that room in New Orleans","And Bon may have, probably did, take Henry to"
"Absalom, Absalom!",AA,16144,268,268.03,"And Bon may have, probably did, take Henry to","In fact, Quentin did not even tell Shreve what"
"Absalom, Absalom!",AA,16145,268,268.04,"In fact, Quentin did not even tell Shreve what",Perhaps Quentin himself had not been listening when
"Absalom, Absalom!",AA,16436,268,268.05,Perhaps Quentin himself had not been listening when,since both he and Shreve believed - and were probably
"Absalom, Absalom!",AA,16146,268,268.06,since both he and Shreve believed - and were probably,"""So the old dame asked Henry that one question"
"Absalom, Absalom!",AA,16147,269,269.01,"""So the old dame asked Henry that one question","And so now it would be short, this time with"
"Absalom, Absalom!",AA,16148,269,269.02,"And so now it would be short, this time with",all of a week maybe (after he - the lawyer - would
"Absalom, Absalom!",AA,16149,269,269.03,all of a week maybe (after he - the lawyer - would,"before he would contrive Bon too, and maybe"
"Absalom, Absalom!",AA,16150,269,269.04,"before he would contrive Bon too, and maybe","(""Listen,"" Shreve said, cried.  ""It would be while"
"Absalom, Absalom!",AA,16151,271,271.01,"(""Listen,"" Shreve said, cried.  ""It would be while","Yes, they knew now.  And Jesus, think of him, Bon,"
"Absalom, Absalom!",AA,16152,271,271.02,"Yes, they knew now.  And Jesus, think of him, Bon,","And think of Henry, who had said at first"
"Absalom, Absalom!",AA,16153,271,271.03,"And think of Henry, who had said at first","And maybe it was two days or three days, and Henry"
"Absalom, Absalom!",AA,16154,272,272.01,"And maybe it was two days or three days, and Henry","And maybe it was a week, maybe Bon took"
"Absalom, Absalom!",AA,16155,272,272.02,"And maybe it was a week, maybe Bon took",during that winter and then that spring
"Absalom, Absalom!",AA,16156,272,272.03,during that winter and then that spring,and Henry and Bon already decided to go
"Absalom, Absalom!",AA,16157,272,272.04,and Henry and Bon already decided to go,"Then it was Christmas again, then 1861,"
"Absalom, Absalom!",AA,16158,273,273.01,"Then it was Christmas again, then 1861,",and they hadn't heard from Judith because Judith
"Absalom, Absalom!",AA,16159,273,273.02,and they hadn't heard from Judith because Judith,"So they took the steamboat North again,"
"Absalom, Absalom!",AA,16160,273,273.03,"So they took the steamboat North again,",And maybe this was one place where your old man
"Absalom, Absalom!",AA,16161,273,273.04,And maybe this was one place where your old man,and they rode into Oxford without touching Sutpen's
"Absalom, Absalom!",AA,16162,273,273.05,and they rode into Oxford without touching Sutpen's,"and started for the front.  ""Jesus, think of them."
"Absalom, Absalom!",AA,16163,273,273.06,"and started for the front.  ""Jesus, think of them.",Then it was the next year and Bon was an officer
"Absalom, Absalom!",AA,16164,274,274.01,Then it was the next year and Bon was an officer,"Then it was Shiloh, the second day and the lost battle"
"Absalom, Absalom!",AA,16165,275,275.01,"Then it was Shiloh, the second day and the lost battle","And listen,"" Shreve cried; ""wait, now; wait!"""
"Absalom, Absalom!",AA,16166,275,275.02,"And listen,"" Shreve cried; ""wait, now; wait!""","it was not Bon, it was Henry; Bon that found Henry"
"Absalom, Absalom!",AA,16167,275,275.03,"it was not Bon, it was Henry; Bon that found Henry","First, two of them, then four; now two again."
"Absalom, Absalom!",AA,16168,275,275.04,"First, two of them, then four; now two again.",since it was '64 and then '65 and the starved
"Absalom, Absalom!",AA,16169,276,276.01,since it was '64 and then '65 and the starved,"two, four, now two again, according to Quentin and Shreve"
"Absalom, Absalom!",AA,16170,276,276.02,"two, four, now two again, according to Quentin and Shreve",the two the four the two facing one another
"Absalom, Absalom!",AA,16171,276,276.03,the two the four the two facing one another,"( - the winter of '64 now, the army retreated across"
"Absalom, Absalom!",AA,16172,276,276.04,"( - the winter of '64 now, the army retreated across",Then it was '65 and what was left of the Army
"Absalom, Absalom!",AA,16174,277,277.01,Then it was '65 and what was left of the Army,"Then they were in Carolina, that January and February"
"Absalom, Absalom!",AA,16175,278,278.01,"Then they were in Carolina, that January and February",Then March in Carolina and still the walking backward
"Absalom, Absalom!",AA,16176,278,278.02,Then March in Carolina and still the walking backward,Then one day (he was an officer; he would
"Absalom, Absalom!",AA,16177,278,278.03,Then one day (he was an officer; he would,And maybe it was that same night or maybe
"Absalom, Absalom!",AA,16178,278,278.04,And maybe it was that same night or maybe,Then one night they had stopped again since Sherman
"Absalom, Absalom!",AA,16179,279,279.01,Then one night they had stopped again since Sherman,"""And so you and the old dame, the Aunt Rosa,"
"Absalom, Absalom!",AA,16180,279,279.02,"""And so you and the old dame, the Aunt Rosa,","He ceased again.  It was just as well, since"
"Absalom, Absalom!",AA,16182,280,280.01,"He ceased again.  It was just as well, since","bivouac fires burning in a pine grove, the gaunt"
"Absalom, Absalom!",AA,16183,280,280.02,"bivouac fires burning in a pine grove, the gaunt","The orderly does not return with him.  Instead, he walks"
"Absalom, Absalom!",AA,16184,281,281.01,"The orderly does not return with him.  Instead, he walks",Nor did Henry ever say that he did not remember
"Absalom, Absalom!",AA,16185,283,283.01,Nor did Henry ever say that he did not remember,"Then it was dawn, or almost, and it was cold;"
"Absalom, Absalom!",AA,16186,284,284.01,"Then it was dawn, or almost, and it was cold;","""And he never slipped away,"" Shreve said.  ""He could have,"
"Absalom, Absalom!",AA,16187,286,286.01,"""And he never slipped away,"" Shreve said.  ""He could have,","and Judith and Clytie heard the shot, and maybe Wash"
"Absalom, Absalom!",AA,16188,286,286.02,"and Judith and Clytie heard the shot, and maybe Wash",And your old man wouldn't know about that too:
"Absalom, Absalom!",AA,16189,286,286.03,And your old man wouldn't know about that too:,"At first, in bed in the dark, it seemed colder"
"Absalom, Absalom!",AA,16191,288,288.01,"At first, in bed in the dark, it seemed colder",That after almost fifty years she couldn't reconcile
"Absalom, Absalom!",AA,16192,289,289.01,That after almost fifty years she couldn't reconcile,"He could taste the dust.  Even now, with the chill"
"Absalom, Absalom!",AA,16193,290,290.01,"He could taste the dust.  Even now, with the chill",and (as during the long hot afternoon in the
"Absalom, Absalom!",AA,16194,290,290.02,and (as during the long hot afternoon in the,and all remaining to look at him with unchanged regard
"Absalom, Absalom!",AA,16195,291,291.01,and all remaining to look at him with unchanged regard,"Now Quentin began to breathe hard again, who had"
"Absalom, Absalom!",AA,16196,291,291.02,"Now Quentin began to breathe hard again, who had",She (Miss Coldfield) did not let him enter the gate.
"Absalom, Absalom!",AA,16197,291,291.03,She (Miss Coldfield) did not let him enter the gate.,"But they reached it at last.  It loomed, bulked,"
"Absalom, Absalom!",AA,16198,293,293.01,"But they reached it at last.  It loomed, bulked,","'so now I shall have to go in,' he thought,"
"Absalom, Absalom!",AA,16199,294,294.01,"'so now I shall have to go in,' he thought,",She (Clytie) lay on the bare floor of the scaling
"Absalom, Absalom!",AA,16202,295,295.01,She (Clytie) lay on the bare floor of the scaling,So when he came back down the stairs (and he remembered
"Absalom, Absalom!",AA,16203,296,296.01,So when he came back down the stairs (and he remembered,Nor did he overtake Miss Coldfield and the negro.
"Absalom, Absalom!",AA,16210,296,296.02,Nor did he overtake Miss Coldfield and the negro.,When he stopped the buggy at her gate she
"Absalom, Absalom!",AA,16211,297,297.01,When he stopped the buggy at her gate she,His own home was dark; he was still using the whip
"Absalom, Absalom!",AA,16212,297,297.02,His own home was dark; he was still using the whip,waking or sleeping he walked down that upper hall
"Absalom, Absalom!",AA,16213,298,298.01,waking or sleeping he walked down that upper hall,It was quite cold in the room now; the chimes
"Absalom, Absalom!",AA,16214,298,298.02,It was quite cold in the room now; the chimes,"""But at last she did reconcile herself to it,"
"Absalom, Absalom!",AA,16215,299,299.01,"""But at last she did reconcile herself to it,",the ambulance with Miss Coldfield between the driver
"Absalom, Absalom!",AA,16217,299,299.02,the ambulance with Miss Coldfield between the driver,And the deputy and the driver would spring out
"Absalom, Absalom!",AA,16218,300,300.01,And the deputy and the driver would spring out,"""And so it was the Aunt Rosa that came back"
"Absalom, Absalom!",AA,16219,301,301.01,"""And so it was the Aunt Rosa that came back","Quentin did not answer, staring at the window;"
"Absalom, Absalom!",AA,16220,301,301.02,"Quentin did not answer, staring at the window;",- or perhaps there is.  Surely it can harm no one to believe
"Absalom, Absalom!",AA,16222,301,301.03,- or perhaps there is.  Surely it can harm no one to believe,"""So it took Charles Bon and his mother to get rid"
"Absalom, Absalom!",AA,16223,302,302.01,"""So it took Charles Bon and his mother to get rid",Now I want you to tell me just one thing more.
"Absalom, Absalom!",AA,16224,303,303.01,Now I want you to tell me just one thing more.,I don't hate it! I don't hate it!
